{
  "annotations": { "list": [] },
  "editable": true,
  "fiscalYearStartMonth": 0,
  "graphTooltip": 1,
  "id": null,
  "links": [
    { "title": "Meteo", "url": "/d/weather/meteo?kiosk", "type": "link", "icon": "cloud" },
    { "title": "Rete", "url": "/d/network/rete?kiosk", "type": "link", "icon": "signal" },
    { "title": "Server", "url": "/d/server/server-cloud?kiosk", "type": "link", "icon": "server" }
  ],
  "liveNow": true,
  "panels": [
    {
      "title": "CPU Temperature",
      "type": "gauge",
      "gridPos": { "h": 6, "w": 6, "x": 0, "y": 0 },
      "datasource": { "type": "influxdb", "uid": "influxdb" },
      "fieldConfig": {
        "defaults": {
          "unit": "celsius",
          "min": 0, "max": 100,
          "thresholds": {
            "mode": "absolute",
            "steps": [
              { "color": "green", "value": null },
              { "color": "#EAB839", "value": 60 },
              { "color": "orange", "value": 75 },
              { "color": "red", "value": 85 }
            ]
          },
          "color": { "mode": "thresholds" }
        },
        "overrides": []
      },
      "options": {
        "reduceOptions": { "calcs": ["lastNotNull"], "fields": "", "values": false },
        "showThresholdLabels": false,
        "showThresholdMarkers": true
      },
      "targets": [
        {
          "query": "SELECT last(\"value\") FROM \"hardware_temps\" WHERE (\"sensor\" = 'cpu_temp' OR \"sensor\" = 'CPU_Package') AND $timeFilter",
          "rawQuery": true
        }
      ]
    },
    {
      "title": "GPU Temperature",
      "type": "gauge",
      "gridPos": { "h": 6, "w": 6, "x": 6, "y": 0 },
      "datasource": { "type": "influxdb", "uid": "influxdb" },
      "fieldConfig": {
        "defaults": {
          "unit": "celsius",
          "min": 0, "max": 100,
          "thresholds": {
            "mode": "absolute",
            "steps": [
              { "color": "green", "value": null },
              { "color": "#EAB839", "value": 65 },
              { "color": "orange", "value": 80 },
              { "color": "red", "value": 90 }
            ]
          },
          "color": { "mode": "thresholds" }
        },
        "overrides": []
      },
      "options": {
        "reduceOptions": { "calcs": ["lastNotNull"], "fields": "", "values": false },
        "showThresholdLabels": false,
        "showThresholdMarkers": true
      },
      "targets": [
        {
          "query": "SELECT last(\"value\") FROM \"hardware_temps\" WHERE (\"sensor\" = 'gpu_temp' OR \"sensor\" = 'GPU_Core') AND $timeFilter",
          "rawQuery": true
        }
      ]
    },
    {
      "title": "SSD Temperature",
      "type": "gauge",
      "gridPos": { "h": 6, "w": 6, "x": 12, "y": 0 },
      "datasource": { "type": "influxdb", "uid": "influxdb" },
      "fieldConfig": {
        "defaults": {
          "unit": "celsius",
          "min": 0, "max": 80,
          "thresholds": {
            "mode": "absolute",
            "steps": [
              { "color": "green", "value": null },
              { "color": "#EAB839", "value": 45 },
              { "color": "orange", "value": 55 },
              { "color": "red", "value": 70 }
            ]
          },
          "color": { "mode": "thresholds" }
        },
        "overrides": []
      },
      "targets": [
        {
          "query": "SELECT last(\"value\") FROM \"hardware_temps\" WHERE (\"sensor\" =~ /disk_temp|SSD|Drive/) AND $timeFilter",
          "rawQuery": true
        }
      ]
    },
    {
      "title": "RAM Usage",
      "type": "gauge",
      "gridPos": { "h": 6, "w": 6, "x": 18, "y": 0 },
      "datasource": { "type": "influxdb", "uid": "influxdb" },
      "fieldConfig": {
        "defaults": {
          "unit": "percent",
          "min": 0, "max": 100,
          "thresholds": {
            "mode": "absolute",
            "steps": [
              { "color": "green", "value": null },
              { "color": "#EAB839", "value": 60 },
              { "color": "orange", "value": 80 },
              { "color": "red", "value": 90 }
            ]
          },
          "color": { "mode": "thresholds" }
        },
        "overrides": []
      },
      "targets": [
        {
          "query": "SELECT last(\"Percent_Committed_Bytes_In_Use\") FROM \"mem\" WHERE $timeFilter",
          "rawQuery": true
        }
      ]
    },
    {
      "title": "CPU Usage %",
      "type": "timeseries",
      "gridPos": { "h": 8, "w": 12, "x": 0, "y": 6 },
      "datasource": { "type": "influxdb", "uid": "influxdb" },
      "fieldConfig": {
        "defaults": {
          "unit": "percent",
          "min": 0, "max": 100,
          "custom": {
            "drawStyle": "line",
            "lineInterpolation": "smooth",
            "fillOpacity": 20,
            "gradientMode": "scheme",
            "lineWidth": 2
          },
          "thresholds": {
            "mode": "absolute",
            "steps": [
              { "color": "green", "value": null },
              { "color": "orange", "value": 70 },
              { "color": "red", "value": 90 }
            ]
          },
          "color": { "mode": "continuous-GrYlRd" }
        },
        "overrides": []
      },
      "targets": [
        {
          "query": "SELECT mean(\"Percent_Processor_Time\") FROM \"cpu\" WHERE $timeFilter GROUP BY time($__interval) fill(null)",
          "rawQuery": true
        }
      ]
    },
    {
      "title": "Temperature History",
      "type": "timeseries",
      "gridPos": { "h": 8, "w": 12, "x": 12, "y": 6 },
      "datasource": { "type": "influxdb", "uid": "influxdb" },
      "fieldConfig": {
        "defaults": {
          "unit": "celsius",
          "custom": {
            "drawStyle": "line",
            "lineInterpolation": "smooth",
            "fillOpacity": 10,
            "lineWidth": 2
          },
          "color": { "mode": "palette-classic" }
        },
        "overrides": []
      },
      "targets": [
        {
          "query": "SELECT mean(\"value\") FROM \"hardware_temps\" WHERE (\"type\" = 'temperature' OR \"sensor\" =~ /temp/) AND $timeFilter GROUP BY time($__interval), \"sensor\" fill(null)",
          "rawQuery": true,
          "alias": "$tag_sensor"
        }
      ]
    },
    {
      "title": "Disk Space",
      "type": "bargauge",
      "gridPos": { "h": 6, "w": 12, "x": 0, "y": 14 },
      "datasource": { "type": "influxdb", "uid": "influxdb" },
      "fieldConfig": {
        "defaults": {
          "unit": "percent",
          "min": 0, "max": 100,
          "thresholds": {
            "mode": "absolute",
            "steps": [
              { "color": "green", "value": null },
              { "color": "#EAB839", "value": 70 },
              { "color": "orange", "value": 85 },
              { "color": "red", "value": 95 }
            ]
          },
          "color": { "mode": "thresholds" }
        },
        "overrides": []
      },
      "options": {
        "reduceOptions": { "calcs": ["lastNotNull"], "fields": "", "values": false },
        "orientation": "horizontal",
        "displayMode": "gradient",
        "showUnfilled": true
      },
      "targets": [
        {
          "query": "SELECT 100 - last(\"Percent_Free_Space\") FROM \"disk\" WHERE $timeFilter GROUP BY \"instance\"",
          "rawQuery": true,
          "alias": "Disco $tag_instance"
        }
      ]
    },
    {
      "title": "Fan Speed (RPM)",
      "type": "stat",
      "gridPos": { "h": 6, "w": 6, "x": 12, "y": 14 },
      "datasource": { "type": "influxdb", "uid": "influxdb" },
      "fieldConfig": {
        "defaults": {
          "unit": "rpm",
          "thresholds": {
            "mode": "absolute",
            "steps": [
              { "color": "blue", "value": null },
              { "color": "green", "value": 500 },
              { "color": "#EAB839", "value": 1500 },
              { "color": "red", "value": 2500 }
            ]
          },
          "color": { "mode": "thresholds" }
        },
        "overrides": []
      },
      "targets": [
        {
          "query": "SELECT last(\"value\") FROM \"hardware_temps\" WHERE (\"type\" = 'fan' OR \"sensor\" =~ /fan/) AND $timeFilter GROUP BY \"sensor\"",
          "rawQuery": true,
          "alias": "$tag_sensor"
        }
      ]
    },
    {
      "title": "Disk I/O",
      "type": "timeseries",
      "gridPos": { "h": 6, "w": 6, "x": 18, "y": 14 },
      "datasource": { "type": "influxdb", "uid": "influxdb" },
      "fieldConfig": {
        "defaults": {
          "unit": "Bps",
          "custom": {
            "drawStyle": "line",
            "lineInterpolation": "smooth",
            "fillOpacity": 15,
            "lineWidth": 1
          },
          "color": { "mode": "palette-classic" }
        },
        "overrides": []
      },
      "targets": [
        {
          "query": "SELECT mean(\"Disk_Read_Bytes_persec\") AS \"Read\", mean(\"Disk_Write_Bytes_persec\") AS \"Write\" FROM \"disk_physical\" WHERE $timeFilter GROUP BY time($__interval) fill(null)",
          "rawQuery": true
        }
      ]
    }
  ],
  "refresh": "10s",
  "schemaVersion": 39,
  "tags": ["hardware", "pc", "monitoring"],
  "templating": { "list": [] },
  "time": { "from": "now-1h", "to": "now" },
  "timepicker": {},
  "timezone": "browser",
  "title": "PC Hardware",
  "uid": "pc-hardware"
}
