{
  "annotations": { "list": [] },
  "editable": true,
  "fiscalYearStartMonth": 0,
  "graphTooltip": 1,
  "id": null,
  "links": [
    { "title": "PC Hardware", "url": "/d/pc-hardware/pc-hardware?kiosk", "type": "link", "icon": "desktop" },
    { "title": "Meteo", "url": "/d/weather/meteo?kiosk", "type": "link", "icon": "cloud" },
    { "title": "Rete", "url": "/d/network/rete?kiosk", "type": "link", "icon": "signal" }
  ],
  "liveNow": true,
  "panels": [
    {
      "title": "Server Status",
      "type": "stat",
      "gridPos": { "h": 6, "w": 6, "x": 0, "y": 0 },
      "datasource": { "type": "influxdb", "uid": "influxdb-server" },
      "fieldConfig": {
        "defaults": {
          "mappings": [
            { "type": "value", "options": { "1": { "text": "ONLINE", "color": "dark-green" }, "0": { "text": "OFFLINE", "color": "dark-red" } } }
          ],
          "thresholds": {
            "mode": "absolute",
            "steps": [
              { "color": "red", "value": null },
              { "color": "green", "value": 1 }
            ]
          },
          "color": { "mode": "thresholds" }
        },
        "overrides": []
      },
      "options": {
        "reduceOptions": { "calcs": ["lastNotNull"], "fields": "", "values": false },
        "colorMode": "background_solid",
        "graphMode": "none",
        "justifyMode": "center",
        "textMode": "value"
      },
      "targets": [
        {
          "query": "SELECT last(\"online\") FROM \"server_global\" WHERE $timeFilter",
          "rawQuery": true
        }
      ]
    },
    {
      "title": "Servizi Attivi",
      "type": "stat",
      "gridPos": { "h": 6, "w": 6, "x": 6, "y": 0 },
      "datasource": { "type": "influxdb", "uid": "influxdb-server" },
      "fieldConfig": {
        "defaults": {
          "thresholds": {
            "mode": "absolute",
            "steps": [
              { "color": "red", "value": null },
              { "color": "orange", "value": 1 },
              { "color": "green", "value": 2 }
            ]
          },
          "color": { "mode": "thresholds" }
        },
        "overrides": []
      },
      "options": {
        "reduceOptions": { "calcs": ["lastNotNull"], "fields": "", "values": false },
        "colorMode": "background",
        "graphMode": "area",
        "justifyMode": "center"
      },
      "targets": [
        {
          "query": "SELECT last(\"services_online\") AS \"Online\", last(\"services_total\") AS \"Totali\" FROM \"server_global\" WHERE $timeFilter",
          "rawQuery": true
        }
      ]
    },
    {
      "title": "Batteria Server",
      "type": "gauge",
      "gridPos": { "h": 6, "w": 6, "x": 12, "y": 0 },
      "datasource": { "type": "influxdb", "uid": "influxdb-server" },
      "fieldConfig": {
        "defaults": {
          "unit": "percent",
          "min": 0, "max": 100,
          "thresholds": {
            "mode": "absolute",
            "steps": [
              { "color": "red", "value": null },
              { "color": "orange", "value": 15 },
              { "color": "#EAB839", "value": 30 },
              { "color": "green", "value": 50 }
            ]
          },
          "color": { "mode": "thresholds" }
        },
        "overrides": []
      },
      "targets": [
        {
          "query": "SELECT last(\"percentage\") FROM \"server_resources\" WHERE (\"resource\" = 'battery') AND $timeFilter",
          "rawQuery": true
        }
      ]
    },
    {
      "title": "Temp. Batteria",
      "type": "stat",
      "gridPos": { "h": 6, "w": 6, "x": 18, "y": 0 },
      "datasource": { "type": "influxdb", "uid": "influxdb-server" },
      "fieldConfig": {
        "defaults": {
          "unit": "celsius",
          "thresholds": {
            "mode": "absolute",
            "steps": [
              { "color": "green", "value": null },
              { "color": "#EAB839", "value": 35 },
              { "color": "orange", "value": 40 },
              { "color": "red", "value": 45 }
            ]
          },
          "color": { "mode": "thresholds" }
        },
        "overrides": []
      },
      "targets": [
        {
          "query": "SELECT last(\"temperature\") FROM \"server_resources\" WHERE (\"resource\" = 'battery') AND $timeFilter",
          "rawQuery": true
        }
      ]
    },
    {
      "title": "Stato Singoli Servizi",
      "type": "stat",
      "gridPos": { "h": 6, "w": 24, "x": 0, "y": 6 },
      "datasource": { "type": "influxdb", "uid": "influxdb-server" },
      "fieldConfig": {
        "defaults": {
          "mappings": [
            { "type": "value", "options": { "1": { "text": "ONLINE", "color": "green" }, "0": { "text": "OFFLINE", "color": "red" } } }
          ],
          "thresholds": {
            "mode": "absolute",
            "steps": [
              { "color": "red", "value": null },
              { "color": "green", "value": 1 }
            ]
          },
          "color": { "mode": "thresholds" }
        },
        "overrides": []
      },
      "options": {
        "reduceOptions": { "calcs": ["lastNotNull"], "fields": "", "values": false },
        "colorMode": "background",
        "graphMode": "none",
        "justifyMode": "center",
        "textMode": "value_and_name"
      },
      "targets": [
        {
          "query": "SELECT last(\"online\") FROM \"service_status\" WHERE $timeFilter GROUP BY \"service\"",
          "rawQuery": true,
          "alias": "$tag_service"
        }
      ]
    },
    {
      "title": "CPU Load Server",
      "type": "timeseries",
      "gridPos": { "h": 8, "w": 8, "x": 0, "y": 12 },
      "datasource": { "type": "influxdb", "uid": "influxdb-server" },
      "fieldConfig": {
        "defaults": {
          "custom": {
            "drawStyle": "line",
            "lineInterpolation": "smooth",
            "fillOpacity": 20,
            "lineWidth": 2
          },
          "color": { "mode": "palette-classic" }
        },
        "overrides": []
      },
      "targets": [
        {
          "query": "SELECT mean(\"load_1m\") AS \"1 min\", mean(\"load_5m\") AS \"5 min\", mean(\"load_15m\") AS \"15 min\" FROM \"server_resources\" WHERE (\"resource\" = 'cpu') AND $timeFilter GROUP BY time($__interval) fill(null)",
          "rawQuery": true
        }
      ]
    },
    {
      "title": "Memoria Server",
      "type": "gauge",
      "gridPos": { "h": 8, "w": 8, "x": 8, "y": 12 },
      "datasource": { "type": "influxdb", "uid": "influxdb-server" },
      "fieldConfig": {
        "defaults": {
          "unit": "percent",
          "min": 0, "max": 100,
          "thresholds": {
            "mode": "absolute",
            "steps": [
              { "color": "green", "value": null },
              { "color": "#EAB839", "value": 60 },
              { "color": "orange", "value": 80 },
              { "color": "red", "value": 90 }
            ]
          },
          "color": { "mode": "thresholds" }
        },
        "overrides": []
      },
      "targets": [
        {
          "query": "SELECT last(\"percent\") FROM \"server_resources\" WHERE (\"resource\" = 'memory') AND $timeFilter",
          "rawQuery": true
        }
      ]
    },
    {
      "title": "Disco Server",
      "type": "gauge",
      "gridPos": { "h": 8, "w": 8, "x": 16, "y": 12 },
      "datasource": { "type": "influxdb", "uid": "influxdb-server" },
      "fieldConfig": {
        "defaults": {
          "unit": "percent",
          "min": 0, "max": 100,
          "thresholds": {
            "mode": "absolute",
            "steps": [
              { "color": "green", "value": null },
              { "color": "#EAB839", "value": 65 },
              { "color": "orange", "value": 80 },
              { "color": "red", "value": 90 }
            ]
          },
          "color": { "mode": "thresholds" }
        },
        "overrides": []
      },
      "targets": [
        {
          "query": "SELECT last(\"percent\") FROM \"server_resources\" WHERE (\"resource\" = 'disk') AND $timeFilter",
          "rawQuery": true
        }
      ]
    }
  ],
  "refresh": "30s",
  "schemaVersion": 39,
  "tags": ["server", "cloud", "termux"],
  "templating": { "list": [] },
  "time": { "from": "now-6h", "to": "now" },
  "timepicker": {},
  "timezone": "browser",
  "title": "Server Cloud",
  "uid": "server"
}
