{
  "annotations": { "list": [] },
  "editable": true,
  "fiscalYearStartMonth": 0,
  "graphTooltip": 1,
  "id": null,
  "links": [
    { "title": "PC Hardware", "url": "/d/pc-hardware/pc-hardware?kiosk", "type": "link", "icon": "desktop" },
    { "title": "Meteo", "url": "/d/weather/meteo?kiosk", "type": "link", "icon": "cloud" },
    { "title": "Server", "url": "/d/server/server-cloud?kiosk", "type": "link", "icon": "server" }
  ],
  "liveNow": true,
  "panels": [
    {
      "title": "Download Speed",
      "type": "stat",
      "gridPos": { "h": 6, "w": 6, "x": 0, "y": 0 },
      "datasource": { "type": "influxdb", "uid": "influxdb" },
      "fieldConfig": {
        "defaults": {
          "unit": "Mbps",
          "decimals": 1,
          "thresholds": {
            "mode": "absolute",
            "steps": [
              { "color": "red", "value": null },
              { "color": "orange", "value": 10 },
              { "color": "#EAB839", "value": 30 },
              { "color": "green", "value": 50 },
              { "color": "dark-green", "value": 100 }
            ]
          },
          "color": { "mode": "thresholds" }
        },
        "overrides": []
      },
      "options": {
        "reduceOptions": { "calcs": ["lastNotNull"], "fields": "", "values": false },
        "graphMode": "area",
        "colorMode": "background",
        "justifyMode": "center",
        "textMode": "value_and_name"
      },
      "targets": [
        {
          "query": "SELECT last(\"download_mbps\") AS \"Download\" FROM \"speedtest\" WHERE $timeFilter",
          "rawQuery": true
        }
      ]
    },
    {
      "title": "Upload Speed",
      "type": "stat",
      "gridPos": { "h": 6, "w": 6, "x": 6, "y": 0 },
      "datasource": { "type": "influxdb", "uid": "influxdb" },
      "fieldConfig": {
        "defaults": {
          "unit": "Mbps",
          "decimals": 1,
          "thresholds": {
            "mode": "absolute",
            "steps": [
              { "color": "red", "value": null },
              { "color": "orange", "value": 5 },
              { "color": "#EAB839", "value": 15 },
              { "color": "green", "value": 30 },
              { "color": "dark-green", "value": 50 }
            ]
          },
          "color": { "mode": "thresholds" }
        },
        "overrides": []
      },
      "options": {
        "reduceOptions": { "calcs": ["lastNotNull"], "fields": "", "values": false },
        "graphMode": "area",
        "colorMode": "background",
        "justifyMode": "center"
      },
      "targets": [
        {
          "query": "SELECT last(\"upload_mbps\") AS \"Upload\" FROM \"speedtest\" WHERE $timeFilter",
          "rawQuery": true
        }
      ]
    },
    {
      "title": "Ping",
      "type": "stat",
      "gridPos": { "h": 6, "w": 6, "x": 12, "y": 0 },
      "datasource": { "type": "influxdb", "uid": "influxdb" },
      "fieldConfig": {
        "defaults": {
          "unit": "ms",
          "decimals": 1,
          "thresholds": {
            "mode": "absolute",
            "steps": [
              { "color": "dark-green", "value": null },
              { "color": "green", "value": 10 },
              { "color": "#EAB839", "value": 30 },
              { "color": "orange", "value": 60 },
              { "color": "red", "value": 100 }
            ]
          },
          "color": { "mode": "thresholds" }
        },
        "overrides": []
      },
      "options": {
        "reduceOptions": { "calcs": ["lastNotNull"], "fields": "", "values": false },
        "graphMode": "area",
        "colorMode": "background",
        "justifyMode": "center"
      },
      "targets": [
        {
          "query": "SELECT last(\"ping_ms\") AS \"Ping\" FROM \"speedtest\" WHERE $timeFilter",
          "rawQuery": true
        }
      ]
    },
    {
      "title": "Jitter",
      "type": "stat",
      "gridPos": { "h": 6, "w": 6, "x": 18, "y": 0 },
      "datasource": { "type": "influxdb", "uid": "influxdb" },
      "fieldConfig": {
        "defaults": {
          "unit": "ms",
          "decimals": 1,
          "thresholds": {
            "mode": "absolute",
            "steps": [
              { "color": "green", "value": null },
              { "color": "#EAB839", "value": 5 },
              { "color": "orange", "value": 15 },
              { "color": "red", "value": 30 }
            ]
          },
          "color": { "mode": "thresholds" }
        },
        "overrides": []
      },
      "targets": [
        {
          "query": "SELECT last(\"jitter_ms\") AS \"Jitter\" FROM \"speedtest\" WHERE $timeFilter",
          "rawQuery": true
        }
      ]
    },
    {
      "title": "Storico Velocità",
      "type": "timeseries",
      "gridPos": { "h": 8, "w": 16, "x": 0, "y": 6 },
      "datasource": { "type": "influxdb", "uid": "influxdb" },
      "fieldConfig": {
        "defaults": {
          "unit": "Mbps",
          "custom": {
            "drawStyle": "line",
            "lineInterpolation": "smooth",
            "fillOpacity": 20,
            "gradientMode": "scheme",
            "lineWidth": 2,
            "pointSize": 5,
            "showPoints": "auto"
          },
          "color": { "mode": "palette-classic" }
        },
        "overrides": []
      },
      "targets": [
        {
          "query": "SELECT \"download_mbps\" AS \"Download\", \"upload_mbps\" AS \"Upload\" FROM \"speedtest\" WHERE $timeFilter",
          "rawQuery": true
        }
      ]
    },
    {
      "title": "Storico Ping",
      "type": "timeseries",
      "gridPos": { "h": 8, "w": 8, "x": 16, "y": 6 },
      "datasource": { "type": "influxdb", "uid": "influxdb" },
      "fieldConfig": {
        "defaults": {
          "unit": "ms",
          "custom": {
            "drawStyle": "line",
            "lineInterpolation": "smooth",
            "fillOpacity": 15,
            "lineWidth": 2
          },
          "thresholds": {
            "mode": "absolute",
            "steps": [
              { "color": "green", "value": null },
              { "color": "orange", "value": 50 },
              { "color": "red", "value": 100 }
            ]
          },
          "color": { "mode": "continuous-GrYlRd" }
        },
        "overrides": []
      },
      "targets": [
        {
          "query": "SELECT \"ping_ms\" AS \"Ping\", \"jitter_ms\" AS \"Jitter\" FROM \"speedtest\" WHERE $timeFilter",
          "rawQuery": true
        }
      ]
    },
    {
      "title": "Traffico di Rete (Interfacce)",
      "type": "timeseries",
      "gridPos": { "h": 8, "w": 12, "x": 0, "y": 14 },
      "datasource": { "type": "influxdb", "uid": "influxdb" },
      "fieldConfig": {
        "defaults": {
          "unit": "Bps",
          "custom": {
            "drawStyle": "line",
            "lineInterpolation": "smooth",
            "fillOpacity": 15,
            "lineWidth": 1
          },
          "color": { "mode": "palette-classic" }
        },
        "overrides": []
      },
      "targets": [
        {
          "query": "SELECT mean(\"Bytes_Received_persec\") AS \"Download\", mean(\"Bytes_Sent_persec\") AS \"Upload\" FROM \"net\" WHERE $timeFilter GROUP BY time($__interval), \"instance\" fill(null)",
          "rawQuery": true,
          "alias": "$tag_instance"
        }
      ]
    },
    {
      "title": "Stato Connessione LAN",
      "type": "stat",
      "gridPos": { "h": 4, "w": 12, "x": 12, "y": 14 },
      "datasource": { "type": "influxdb", "uid": "influxdb-server" },
      "fieldConfig": {
        "defaults": {
          "mappings": [
            { "type": "value", "options": { "1": { "text": "ONLINE", "color": "green" }, "0": { "text": "OFFLINE", "color": "red" } } }
          ],
          "thresholds": {
            "mode": "absolute",
            "steps": [
              { "color": "red", "value": null },
              { "color": "green", "value": 1 }
            ]
          },
          "color": { "mode": "thresholds" }
        },
        "overrides": []
      },
      "options": {
        "reduceOptions": { "calcs": ["lastNotNull"], "fields": "", "values": false },
        "colorMode": "background",
        "graphMode": "none",
        "textMode": "value_and_name"
      },
      "targets": [
        {
          "query": "SELECT last(\"reachable\") FROM \"ping_status\" WHERE $timeFilter GROUP BY \"target\"",
          "rawQuery": true,
          "alias": "$tag_target"
        }
      ]
    },
    {
      "title": "Ping LAN Devices",
      "type": "timeseries",
      "gridPos": { "h": 4, "w": 12, "x": 12, "y": 18 },
      "datasource": { "type": "influxdb", "uid": "influxdb-server" },
      "fieldConfig": {
        "defaults": {
          "unit": "ms",
          "custom": {
            "drawStyle": "line",
            "lineInterpolation": "smooth",
            "fillOpacity": 10,
            "lineWidth": 1
          },
          "color": { "mode": "palette-classic" }
        },
        "overrides": []
      },
      "targets": [
        {
          "query": "SELECT mean(\"ping_ms\") FROM \"ping_status\" WHERE $timeFilter GROUP BY time($__interval), \"target\" fill(null)",
          "rawQuery": true,
          "alias": "$tag_target"
        }
      ]
    }
  ],
  "refresh": "30s",
  "schemaVersion": 39,
  "tags": ["network", "rete", "speedtest"],
  "templating": { "list": [] },
  "time": { "from": "now-6h", "to": "now" },
  "timepicker": {},
  "timezone": "browser",
  "title": "Rete",
  "uid": "network"
}
